filename,eye_width_left,eye_width_right,eye_spacing,eye_height_left,eye_height_right,nose_length,nose_width,mouth_width,mouth_height,cheek_width,jaw_width,eyebrow_length_left,eyebrow_length_right,forehead_to_eyebrow,eyebrow_to_eye,eye_to_nose,nose_to_mouth,mouth_to_chin,eye_tilt,nose_deviation,mouth_tilt,eye_symmetry,eyebrow_symmetry,face_aspect_ratio,eye_mouth_ratio,nose_mouth_ratio,upper_lower_face
dicaprio.png,0.3131681158532193,0.3112258912920934,0.3890401774822542,0.03552133709546297,0.03466255672238935,0.24401561937188807,0.5114645633669462,0.6256915183112127,0.10304417298205165,1.730775500778601,1.4203842648637783,0.6026395379254424,0.6027326550895822,0.22309779152760054,0.18039276256474737,0.41315310963399354,0.16434402301657264,0.26990246770256426,0.2923635257874528,0.0031342106950306226,1.0202674137969563,0.001942224561125916,9.311716413973326e-05,0.5983321262627965,0.6217763324206507,0.8174388630797275,0.6089014981095568
hakimi1.png,0.3151320816331394,0.31298806164852144,0.38354968620715524,0.04004689357509224,0.045486151163220405,0.24609204178231703,0.5143831141831747,0.6547065046437861,0.1305318981002038,1.6252147689930485,1.3981872605252965,0.579576972388835,0.5759768669293183,0.20694808934504122,0.18321076333966677,0.41446544219970627,0.16441349793661622,0.25796180919246026,0.5560978795563827,0.017859674682514298,2.298560198412646,0.0021440199846179397,0.0036001054595167226,0.6012219140746661,0.5858345433971787,0.7856697780374753,0.6373559407020252
hakimi2.png,0.310970796727124,0.3043715761456718,0.39650834198054885,0.03826579624191459,0.03260222044258162,0.2509648123702157,0.5501697065739993,0.8424806343976629,0.17466290448738117,1.6208062171752018,1.39633195904549,0.5623999175327886,0.5657209440953501,0.21067397865634707,0.18275771200084234,0.43104977199773287,0.16721913401086191,0.23714685284762865,0.002056608329031851,0.016749004737258242,1.8529107671011344,0.0065992205814522364,0.003321026562561502,0.6213253603328609,0.4706438650237167,0.6530354338261399,0.7051290158466207
hakimi3.png,0.3071106061076875,0.303650480078848,0.40057312296534003,0.02991184630121753,0.03572177428501956,0.2513807989129492,0.5796431549141634,0.8634070948375964,0.178533757210756,1.6281117288556821,1.4274681647528507,0.5803936707074226,0.5740341275043813,0.20323908403001073,0.18839069889559373,0.4253729520498065,0.16139658972005788,0.24529876365539463,0.003981851853832042,0.02008862344750569,2.3940100432892137,0.003460126028839494,0.006359543203041329,0.6051646382987199,0.46394467379340487,0.6713439794274474,0.6579592197504998
hakimi4.png,0.30840173908503,0.3070260362358811,0.3962757344459808,0.030832658291441353,0.03689378994212023,0.2531011569751516,0.5563898942690152,0.8309721886071194,0.18031355576371527,1.6339193692829508,1.419182763231662,0.5766947928833693,0.5704451448027666,0.20773046178589194,0.18383454683172423,0.4366555741598483,0.15325924354502932,0.23788877489867902,0.18622482575423974,0.001883753671855211,2.2292752864177627,0.0013757028491488965,0.006249648080602688,0.6129696029013727,0.4768820664265799,0.6695650009678895,0.6442474520617065
haland.png,0.32633121630829737,0.29686898391814087,0.38998164618015824,0.05051545003980406,0.050799097981534445,0.21866084711643669,0.5269519241040087,0.7843011429849475,0.10981683129693515,1.722345907532574,1.442966088307998,0.6095168434373763,0.5703938578679935,0.2184148062678937,0.19044965985607704,0.39019446239501465,0.17482577400739743,0.2755931308207899,0.2564565819806841,0.03855017938420606,1.111988034593006,0.029462232390156495,0.03912298556938287,0.5780570095155362,0.497234575861944,0.6718744819094598,0.6343618476378607
lewandofski.png,0.31324597710764085,0.32458423543455933,0.3741079674457194,0.04863494556168696,0.05109676090176236,0.23676887037512584,0.49307158667172646,0.6531886858154791,0.0845032470360046,1.7115458567584625,1.4407440643388918,0.5852859329399401,0.6016885476582864,0.19325840049512988,0.1761447029974233,0.40741460320841816,0.18622142957570098,0.2714983469063745,0.19545703754718158,0.018960754357457813,-0.5350229265532866,0.011338258326918482,0.016402614718346253,0.5778763109710677,0.5727410403299639,0.7548685355076948,0.6859026024968504
messi1.png,0.316302563559666,0.31035929011193325,0.38422818333089553,0.044969098320456605,0.04383617797994223,0.239330335935539,0.492175466318476,0.579264846620403,0.1013136852334389,1.695954061295383,1.4066701892858775,0.590167692717468,0.582903397928736,0.2309812755513617,0.1880063193425393,0.40724418025802084,0.1867295256069209,0.2544774573411627,0.8184391880881434,0.04094134327325672,0.6189479497056424,0.0059432734477327664,0.007264294788732029,0.6100185605003801,0.6633031256299995,0.8496553332900634,0.7337762653719899
messi2.png,0.32957157435284323,0.32170322025592835,0.36194835755863775,0.05048817124834639,0.04571978615359429,0.23273039553077685,0.47362196189890715,0.5748197390524732,0.08235869603234659,1.7030760163399723,1.3953777735914712,0.5993158431840389,0.588701457007393,0.22298992326645484,0.1796764253228887,0.39012312432557195,0.17858707540319035,0.2735624668411793,0.378309295854724,0.029308875277932234,-0.03364488188630559,0.007868354096914887,0.010614386176645896,0.5729435727306237,0.6296728051741397,0.8239486742045786,0.6528200704472774
messi3.png,0.3340409238857605,0.328863062700874,0.3492123771076202,0.058527419156179206,0.05603951822505223,0.23547716468358912,0.46606660476639145,0.5566947590535284,0.09281644454804178,1.6683087575555613,1.3481111010299336,0.5820298920698391,0.5736186129442472,0.22646452790404187,0.18846761864344144,0.39067542823735185,0.1838606157361115,0.25651355734148834,-0.22295549908361886,0.02978293877256034,-0.20768090300710007,0.005177861184886501,0.00841127912559192,0.6142070703021745,0.6272959668263054,0.8372031480209737,0.7167676066480481
messi4.png,0.3341292522596738,0.32321848009313897,0.35561490379697375,0.05660383500923852,0.05108564671636396,0.2384313084248772,0.5205191842899902,0.6704334008888982,0.1068244784060644,1.6931941509624555,1.4321106157719772,0.5925268892255836,0.580446438684311,0.20029555946539662,0.18423465212671217,0.40035902694879116,0.18881275478776843,0.2499204118487542,0.05645025696930434,0.05885903288221705,-0.8165520295858537,0.010910772166534854,0.012080450541272603,0.5967693965577416,0.5304253984444682,0.7763920824944829,0.7554915016189968
messi5.png,0.33051893598968335,0.31478298368950536,0.3685746012231304,0.05309142105755203,0.04756132989609728,0.23275684496494156,0.5230871847318928,0.7355195214939487,0.15549173121686752,1.6749459842719918,1.3975623949246672,0.6009299637819986,0.5638750762118948,0.2123428469292056,0.18220851175656513,0.40121152593850873,0.17695260969208865,0.2354668476602447,-0.01854376885816119,0.12453468912056882,-0.011939853889476354,0.01573595230017799,0.03705488757010378,0.5975132405460909,0.501107843439017,0.7111805593812459,0.751496883469748
neymar.png,0.31296928005109875,0.31121125438965125,0.38817191479552415,0.030892811421866232,0.027904136134938855,0.25089014304059304,0.5242413237772895,0.7169694670505362,0.15067622633216943,1.6575212142911155,1.3997841232235544,0.5863166548100576,0.5882172002758234,0.21342402311069522,0.19167697782387852,0.42399386496443203,0.162333093448216,0.2337855630648842,-0.0420856918860788,0.015513375847525851,-1.9777512078310142,0.0017580256614475043,0.0019005454657657905,0.6208355819533239,0.5414064791243942,0.7311905846338334,0.6943674552713418
salah1.png,0.3003508618225391,0.30998330912627525,0.4013629698725198,0.043960319418238906,0.04415315699982836,0.2428297959919363,0.49355050155894076,0.6667113340233607,0.11137108874614295,1.4963569259333493,1.2410190407836783,0.5386044891168147,0.5529054393925068,0.19857045146346525,0.2000744724505715,0.40016809930592717,0.1765242801880125,0.2625162024805447,0.3139566614417589,-0.03157620288487699,0.2798430812924482,0.009632447303736136,0.014300950275692115,0.6281531597158776,0.6020041199096468,0.7402761530699392,0.672431917709063
salah2.png,0.3069869395232293,0.3135872152849306,0.3911023585263212,0.05005290910707062,0.049597703563949824,0.24535854990584477,0.48367480551402536,0.6262193457837907,0.10824054923028645,1.4661798033844906,1.2065411927410148,0.5380634198037931,0.5459250411294136,0.20454136591798017,0.20417442414565132,0.4100406991776987,0.1800411256016429,0.2626970690431161,0.08619041805425257,-0.014252433934794327,-0.4616325454856013,0.006600275761701302,0.007861621325620516,0.653742983248049,0.6245453149276448,0.7723728255450919,0.685356404637042
salah3.png,0.30892222686493825,0.30120598554479205,0.40172218850896413,0.04068248600295463,0.040500448021336205,0.25177689884829446,0.49168979563026366,0.6683675741892364,0.1128218179431473,1.509879348989865,1.266009242818449,0.5577403991827615,0.5461586692822958,0.19829099209423176,0.20909052488569102,0.4333275834858155,0.17698362267566634,0.26079747675855625,0.31418159548004193,0.06768316492825385,-0.35740827637674927,0.0077162413201462,0.011581729900465687,0.6562565784250324,0.6010497876056801,0.7356577647063567,0.6786247247831649
salah4.png,0.3060559113920517,0.3033425696001605,0.402164759676209,0.04588154273212127,0.04370519070107264,0.24411075746741026,0.4941423457299742,0.667586950353883,0.10890149633048303,1.505150456385071,1.253944007871726,0.5462637130038122,0.5488394713022118,0.19266467908565063,0.20642402974730004,0.41722379598759457,0.17794632412711867,0.2735367041563988,0.12806852985704634,0.02488311021108209,-1.4028151033547027,0.0027133417918911995,0.002575758298399622,0.6548561365187575,0.6024155497093291,0.7401917390207117,0.6505390864108104
salah5.png,0.3088466642040564,0.30396456349226625,0.3987388718376837,0.04468547706337038,0.04169603425270889,0.24700352918997742,0.49091257314871223,0.6720768823881998,0.11387023915488594,1.5116912262010642,1.256019419561077,0.5496001544380757,0.5508802620208921,0.19470777149219623,0.20640515367137513,0.4168633274992138,0.1759049543938135,0.26745914019905626,-0.1212656797530581,0.02178017416637354,-1.3020105564632507,0.004882100711790127,0.001280107582816381,0.650827685170057,0.5932935387106013,0.7304410938883553,0.6576890499461184
salah6.png,0.3101965073709856,0.3056552268067929,0.39559166890914615,0.04493781006689723,0.04274807225377022,0.24617740579793346,0.4901976303397964,0.6514378552928001,0.10916571427243434,1.5146124659437874,1.2647843397195193,0.5491288598198901,0.5504907404199441,0.19756867746344736,0.2063708513349419,0.4185421564146397,0.1803920750514572,0.2674406950679634,0.601027930446753,0.018932443611706935,-0.14805753602700733,0.0045412805641926735,0.001361880600053933,0.6542072299981069,0.6072592584158939,0.7524856382800605,0.6745124120339686
salah7.png,0.30961812787850945,0.3076308985030473,0.3939821698343537,0.046791763738369775,0.046362685730096664,0.2490811865737686,0.49905334412155267,0.6440421424150086,0.11131007519563667,1.4994632294935966,1.2313116095077417,0.5422460688654749,0.5438924690693253,0.19917010873867108,0.20617907082897693,0.41003081990694284,0.16978084439554234,0.25835741279143526,0.4286392881182999,0.028816339359386867,-0.7226824938145308,0.0019872293754621406,0.0016464002038504288,0.6404880326886676,0.6117335246991944,0.7748768461800006,0.6571548924785555
salah8.png,0.31437008550942397,0.31348256303841054,0.38375681821731455,0.04818244460399511,0.04816985044454289,0.24183887804830326,0.4763513872044722,0.6374021062438083,0.11744503839365864,1.4881189332886233,1.2129829725925323,0.5464843200870539,0.5451308068872066,0.20136692706200582,0.20660638434253695,0.40676377743683906,0.18271959855893477,0.25601890623256035,-0.429592765103999,0.007759026591018179,-0.9304657870024787,0.0008875224710134244,0.0013535131998473338,0.6542459070728632,0.6020639317914748,0.7473326218069732,0.7136956958014675
salah9.png,0.3134312879011598,0.311924693823064,0.3860816888849594,0.04858259728264922,0.04807637363332003,0.2425973150780172,0.48639525183464977,0.6422241126823883,0.1115345077848619,1.4905028662125408,1.2183918334700632,0.5479341882874795,0.5476456667418225,0.20160628622496107,0.20519506265726709,0.40759836711104974,0.18364343064762212,0.2615960942902802,0.18629864618252343,0.00507632685490678,-1.161311706286587,0.0015065940780958353,0.0002885215456570611,0.6549328603453879,0.601163489910719,0.7573606194932708,0.7020113359327482
salah10.png,0.2898017315552154,0.3467806068161655,0.3818971489595845,0.04803038815912692,0.048714422608868414,0.25835766599433024,0.48605295632224504,0.6347418639881212,0.1076820765438051,1.4763714441562557,1.2629882556516572,0.5111347242715641,0.6066462865053854,0.19554633745007954,0.20519735578125062,0.4178298478983075,0.19399515900676964,0.24308849587278847,0.48797629316143043,-0.3230972379970516,1.2098069444255828,0.056978875260950135,0.09551156223382129,0.6726411927053362,0.6016574148112774,0.7657490137303142,0.7980433229874306
salah11.png,0.3353504109082249,0.29859749053796414,0.3818081525335256,0.04497811460333017,0.042289971464883495,0.26012502105303753,0.4786434033006668,0.6067046940020429,0.09852627576480132,1.4690763576955201,1.2282153806344271,0.5636267734499343,0.5229373409944391,0.20666725087328658,0.2116160590591515,0.44722257938051746,0.1685996233350085,0.2533341466149817,0.18529442015361264,0.2459011145416782,-2.0298534059605617,0.03675292037026079,0.04068943245549517,0.6573140844423202,0.6293146506168947,0.7889231911877298,0.6655226661410956
salah12.png,0.31827352544559023,0.31774798625308714,0.37721619773602905,0.06702014174151777,0.06298845977619294,0.2385045111740525,0.4417695350001662,0.5478932655118445,0.1088035164660091,1.4193438312412923,1.1253796357253516,0.5325104478112376,0.5339052390934527,0.22448213461346203,0.18295612782380907,0.3625241007304743,0.1670264259951359,0.23876540966574758,-0.1537569073973367,-0.005166136228271273,-0.308156565775249,0.0005255391925030883,0.001394791282215091,0.5775480589809302,0.6884848226481337,0.8063058314605547,0.6995419446792567
salah13.png,0.29716094119167996,0.29483034816948905,0.4193063780631417,0.04029023491596392,0.037718805007176746,0.25024052539625485,0.4898267709369755,0.6405912474026912,0.1030758977974891,1.5199956964114218,1.2788938499746019,0.5328142968471214,0.5367224241334426,0.19630133012777246,0.1942277206788785,0.4068814939945638,0.16051076224800132,0.26341121926316324,-0.23596336199508985,0.009799415944102918,0.40879266394020747,0.0023305930221909077,0.0039081272863211725,0.603737979296146,0.6545615160420003,0.7646479294292613,0.6093542887180473
salah14.png,0.3280514339741737,0.28034811811820626,0.4111631764985383,0.04089855998929551,0.03499918349934284,0.24852386441086563,0.4474867755527115,0.6229615163657547,0.12054215337985619,1.5741410047252145,1.2832931346989436,0.5873129976650472,0.5105065708003593,0.19149573209698512,0.1894459830708164,0.4172708413918497,0.15907271859200178,0.2382929079863139,0.901689311909223,0.35182093272211823,-1.1928010452078643,0.04770331585596743,0.07680642686468786,0.5899176415745798,0.6600137660142961,0.7183217001320864,0.6675511800192818
salah15.png,0.34370479963592737,0.2918150711116861,0.3843661427766001,0.054431405482245766,0.04960388020344016,0.26512437405853806,0.4524003901433643,0.5870502275535029,0.10743301343114296,1.4973612624982007,1.2477692544214183,0.5861016733360567,0.5161777900888892,0.18913632383299833,0.2248554850995243,0.45523210736684955,0.1771376879761257,0.23009310883364464,1.1956398100000103,0.31105763017880045,-1.2075077635212095,0.051889728524241285,0.06992388324716747,0.6695859786897213,0.6547414935488965,0.7706331910111273,0.7698521749544137
salah16.png,0.3024148021387304,0.349615924897192,0.3691222564337038,0.06476490035211886,0.06587047857806667,0.2553258963175549,0.4525584203943895,0.562680832343889,0.10640544717836316,1.4703804855588223,1.211732234777879,0.5047430630392885,0.5865641478499345,0.18615663765417975,0.20230114934708812,0.3889369200923431,0.17828431362043506,0.22698731556901816,-0.4670906274547945,-0.22684552837796368,0.19315567817277163,0.04720112275846161,0.08182108481064598,0.6277123240894867,0.6560064519989023,0.8042897400809329,0.785437306569902
salah17.png,0.31499962211521065,0.3260630290224691,0.37491582128764805,0.07525774768763316,0.0748396847653232,0.2567206059989052,0.4394232420257806,0.5196635220689376,0.10905299316303443,1.3779254435716166,1.0764600371132094,0.4984621119430576,0.5194812702055167,0.20316141497438225,0.18856230507144886,0.37603845222374443,0.16928698725659475,0.21387157956331218,0.1289188817078357,-0.037566362147839684,0.5098042023327372,0.011063406907258433,0.021019158262459092,0.602636317990285,0.7214588004849654,0.8455918558152856,0.7915356481066453
salah18.png,0.31068456797873306,0.3124713891945425,0.3881391521851114,0.04663667234603948,0.046231079754835626,0.24626519547105594,0.5311860238417403,0.7491679480840178,0.1968896716798621,1.4743149367770139,1.212206643282478,0.5315408066662171,0.5425288969581791,0.2002136314640867,0.19878988421980742,0.4027059185848319,0.16091882287935652,0.23235866271011835,-0.12795186691894375,-0.023370184537684642,-1.113201131365944,0.0017868212158094199,0.010988090291962016,0.639718875938813,0.5180936439923379,0.7090346366261905,0.6925449392634145
salah19.png,0.2965259317903869,0.3027165564035356,0.4135883515897587,0.051457144963647825,0.05107521736769779,0.2552592443067867,0.5259328517785553,0.7623831539468334,0.21127816770599825,1.4695610111737718,1.2003799136836324,0.5106742675529766,0.5295461874337751,0.19116041948793105,0.20336184848038394,0.41817349901816037,0.14262510755185862,0.20918560827529986,0.16343454912016583,-0.03416908334434433,0.42293948593765807,0.006190624613148732,0.018871919880798504,0.659588205587125,0.5424940850917612,0.6898537160164382,0.6818112484394414
salah20.png,0.3017921733899725,0.31160523145680136,0.39857975127144196,0.04543710448820298,0.04716631377693079,0.25089294326297434,0.5217655254006405,0.7569745270460598,0.20121212725163296,1.476311297958446,1.2002008790834549,0.522344732382697,0.5434978342014207,0.19756926553306361,0.2020241294674988,0.4163189536743775,0.15703144163605776,0.2202002907044259,-0.0012528063074905814,-0.037274330812928,-0.42717110284164694,0.009813058066828861,0.021153101818723763,0.6614952057112057,0.5265431491160197,0.6892775209183393,0.7131300054255626
ronaldo1.png,0.30636486286943854,0.3312388495295958,0.3778721079915274,0.05573862707681223,0.04347206871798955,0.2305337146388131,0.5409567994378499,0.7707684661351268,0.1799686496373289,1.5616067547668957,1.3194102607016904,0.5300574543965141,0.6253387074396612,0.22097943855714708,0.1855790608409737,0.3995003345037735,0.1892772538455678,0.21920375969598835,-0.7546394654391055,-0.2046317382082451,-6.069772041424747,0.024873986660157277,0.09528125304314716,0.6176536481967058,0.49025372027256875,0.701840855205683,0.8634762719093501
ronaldo2.png,0.30342008164496753,0.32630098003026137,0.38632150128722215,0.05786960620409765,0.04258252465526185,0.2287390229283658,0.5435307666413495,0.7714878665711844,0.17760302485690838,1.5849532325518505,1.3267138875866886,0.5313816957361291,0.6347738476630046,0.2175928652288315,0.177696154962049,0.3953248342478068,0.18981153309236848,0.21820793703738856,-0.7464056346585833,-0.21463337185510223,-5.959835314177725,0.022880898385293835,0.10339215192687545,0.5968196758671944,0.5007486417177199,0.7045227672303236,0.8698653539866056
ronaldo3.png,0.3013027522910367,0.3322060603613318,0.3824775985108968,0.0569466933138469,0.04252353094361172,0.2335730495734453,0.5435461967502212,0.7625032535064039,0.17507662111230612,1.5982909307906554,1.3421885447442015,0.5329810761225579,0.6373497921640915,0.22266264983790157,0.1804779830432664,0.3948570364042692,0.18770958751922318,0.21921049598567693,-0.851213517093851,-0.21036441032668787,-6.221730123248423,0.03090330807029512,0.10436871604153364,0.6041102991081211,0.5016078249529522,0.7128444295164653,0.8562983177981807
ronaldo4.png,0.29951813324566945,0.32991000063336373,0.3857582415227248,0.05407477971713381,0.04363742088061999,0.23321753453059005,0.5460139799767514,0.7685537251683847,0.18021032931036662,1.5840020502331305,1.3413486586411154,0.5281510527421075,0.6325430989855926,0.22389817386178523,0.17742121909076614,0.39583123674191517,0.18966094501372885,0.21633969837760902,-1.2116050081969194,-0.20448404412772866,-6.554489559539405,0.030391867387694282,0.10439204624348508,0.6009329174633757,0.5019274891136698,0.7104434759679599,0.8766811531551394
ronaldo5.png,0.29768661769334265,0.33651451969558077,0.3822660173648227,0.056290589026432414,0.04122437427201235,0.23498148670696342,0.5559876942977175,0.7656666780118805,0.17440183709997512,1.6099833935124774,1.3571696950281216,0.5261785859934807,0.6406455573167481,0.2238050439164747,0.1815120865545938,0.3960258195395108,0.18885709297418216,0.2211529933176172,-1.1624024988449033,-0.22845738360002876,-5.5384354550918715,0.038827902002238124,0.11446697132326744,0.6094193192027737,0.4992590488035986,0.7261484798337934,0.8539657618981007
ronaldo6.png,0.30687579784801927,0.32995898729298667,0.38053157891727357,0.057167410789953806,0.04590362980770432,0.2293771698803044,0.5542129627204629,0.7865652225472793,0.18111195674149658,1.590641155041984,1.3430859507406034,0.5379541366131351,0.6406170409254408,0.21814320817457766,0.185633262904129,0.4072657729026394,0.19495964318016848,0.21561727771571512,-0.6318857324093761,-0.2157674537064538,-5.272478055487079,0.0230831894449674,0.10266290431230574,0.615693599511334,0.4837889700804822,0.7045988645743233,0.9041930043996143
ronaldo7.png,0.2975739155694514,0.3377504994252626,0.38102892925668547,0.05632175630655792,0.04354813255413717,0.2378708666587974,0.5457913030336543,0.7752683674692807,0.1792955922563014,1.5642558708664678,1.3320778826486745,0.5215845791501104,0.6455281783845788,0.21955001126695423,0.17848747810291557,0.3979364984499,0.18952299817502713,0.21561087831101755,-0.4533504851462158,-0.22264509090212753,-6.0020155075247725,0.04017658385581119,0.1239435992344684,0.6100860328544446,0.49148004129264744,0.7040030600181566,0.879004764831919
ronaldo8.png,0.29795072641615433,0.33421526300020393,0.3839232176542107,0.05978711710025103,0.047945710311537514,0.2332026560507214,0.5518078914632074,0.7842443353037146,0.17869180929697165,1.5785845561654062,1.337939700484123,0.5286338040010768,0.6408440675508353,0.2171646718262541,0.17769565114066588,0.39434351901457393,0.19430651630621112,0.2180191338378211,-0.5704210501918876,-0.21841378423290772,-6.61639067403035,0.0362645365840496,0.1122102635497585,0.5983168755832712,0.4895454138097518,0.7036173123896503,0.8912360304045172
ronaldo9.png,0.30050900744607334,0.33229856148231457,0.3834685067637988,0.057314132230668224,0.04463887129935322,0.23658239082291793,0.5547146418400571,0.7654394090529617,0.1748940267767131,1.611947325415259,1.355031477941613,0.530674426273427,0.6417723755109115,0.22300799440317032,0.18272199750665702,0.4016949320176761,0.19407745306340007,0.21845668664945206,-0.8047411257715094,-0.213483290249824,-6.5172854665093,0.03178955403624123,0.1110979492374845,0.6151518763346643,0.5009782645477379,0.7247009172501017,0.8884023975462181
ronaldo10.png,0.3031848005175206,0.3296423712277455,0.38310768335135953,0.05990981112852378,0.04727710724081774,0.23580385789878575,0.5538951490365119,0.7783304813592685,0.17747535970398112,1.5696224823684803,1.3111999011025863,0.532058239013636,0.6361903250984108,0.22292232664939665,0.17841831395466776,0.3952232287445403,0.1888559175255852,0.21605671180613467,-0.46417546717571617,-0.20594879534402646,-6.4443681735668426,0.026457570710224865,0.10413208608477476,0.5989169232909582,0.49221724258094596,0.711645197383501,0.8741034111173989
ronaldo11.png,0.3051224817186824,0.3286743749432516,0.3823002258810018,0.060040202213355376,0.046568588368775206,0.23318025317045937,0.5375609717462935,0.7611289213353547,0.17407393462751886,1.578874744933517,1.32358005142478,0.5317672198195041,0.6354600744749904,0.2243027462435875,0.18140603054499455,0.3964807299574355,0.18962230046372444,0.21858701093980873,-0.7603994522863886,-0.207078963922049,-6.603265040814072,0.023551893224569187,0.10369285465548628,0.6085984436636137,0.5022805140688639,0.7062679615474015,0.8674911238940387
ronaldo12.png,0.30747466321812755,0.3349937202876499,0.3739097045874449,0.057086589422393,0.04559780536061146,0.23549952421087716,0.5513627687353642,0.7775440954743543,0.18536631652485197,1.6198271466507812,1.355419782112824,0.5331462212668693,0.6385645293626534,0.22323066168064898,0.17980605391166626,0.3995855735282567,0.18531539291519558,0.20915545682543293,-0.9443938060222767,-0.19797024780640274,-6.506687441196037,0.027519057069522346,0.10541830809578412,0.6057518316733272,0.48088553017605357,0.7091080389453613,0.8860174478244217
ronaldo13.png,0.3011072465464043,0.32470285251965925,0.39000995991913745,0.05410827075965933,0.04543538755062178,0.2349380988314105,0.5299181148853199,0.7500727000007271,0.1754695904942069,1.58677408488619,1.3147137021251358,0.5371994678631807,0.6222135199822241,0.2227614754152152,0.18711173265069422,0.3933039913368701,0.18955638970720645,0.2164158092892307,-0.8118767684401537,-0.21787543217240962,-5.760898480895148,0.02359560597325494,0.08501405211904334,0.6010435192501281,0.5199628781566898,0.7064890041789366,0.8758897123591148
ronaldo14.png,0.30832954965001735,0.3289967820127763,0.3790752705874969,0.058291476613171064,0.04584592906925883,0.22806881138069998,0.5342037948667703,0.7512659915877085,0.176531483614505,1.61423664854299,1.346039668477618,0.5332353283592229,0.628777302276792,0.2210897315709942,0.18128471590198414,0.3935664877088443,0.18651793301700234,0.21810321109839467,-0.9908824816030595,-0.1813232369804333,-6.322860381016107,0.02066723236275897,0.09554197391756902,0.6047751593303287,0.5045819654186233,0.7110714458640622,0.8551819275188833
ronaldo15.png,0.30610277094489874,0.3291617335119916,0.3804878583793489,0.057130903742880136,0.046282318988312636,0.23367913308232113,0.5309900530819411,0.7538337740785892,0.17256749290626305,1.5615420623233198,1.308385144475642,0.5343992311508832,0.615635978340494,0.22528650384983973,0.1859368118742754,0.39311967756955557,0.186770486871799,0.21871012557655953,-0.5708764160174616,-0.20706177330507472,-6.482625968839002,0.02305896256709289,0.08123674718961083,0.6055502612266278,0.504737080591035,0.7043861277387977,0.8539635640544878
ronaldo16.png,0.27927256205092843,0.3328186656659538,0.40043365265936,0.03523830499909303,0.021790678299122387,0.2134382278157751,0.5271432849899397,0.8307259394706317,0.1861468142989906,1.6651066475032463,1.3939335854310246,0.5395839331210334,0.6343193428982257,0.21640439471780046,0.17734763918488627,0.38732629124694573,0.20083529725988014,0.22369940307534766,-0.38248020206747174,-0.13948710782367507,-6.223052802872623,0.053546103615025376,0.0947354097771923,0.5932349551479572,0.48202858925355174,0.6345573912448843,0.8977908993987109
ronaldo17.png,0.29875377303633643,0.333601548583381,0.38455357206876917,0.05612966732794013,0.04403704964702271,0.229697131277268,0.5547646099319709,0.7866827141274408,0.18134916903919857,1.6090544626435974,1.377730739606646,0.532724930776162,0.636965279789093,0.21464294617718202,0.1825297543048598,0.4014099151323012,0.18794420565166892,0.2194733786003469,-0.8564510459231821,-0.23249626244625207,-4.489273273606904,0.034847775547044546,0.104240349012931,0.6070557609860636,0.48882931474514685,0.7051948644216686,0.8563416587780878
ronaldo18.png,0.3019223201473066,0.336035844674759,0.37854321665061136,0.055234083153680204,0.04628365696171669,0.23595657932512884,0.530531836972483,0.737643276550341,0.16927025111968563,1.630482873597291,1.3376863013021407,0.5266695155015323,0.6404062863302891,0.21191598787716745,0.1768203579152732,0.39195419850702695,0.18747305430217762,0.21537709257758755,-0.13537310830255955,-0.23548550432435647,-3.3989587392375835,0.03411352452745242,0.11373677082875677,0.5915368717131776,0.5131792408125846,0.7192254763760142,0.8704409710156735
ronaldo19.png,0.303485354513722,0.3300535803710883,0.3827371161600895,0.058773611422161025,0.04829499048562464,0.22788138862218002,0.531710686707672,0.742471378614051,0.17795674642224565,1.5706994147803774,1.315466161608657,0.5291550745646589,0.6188406563559782,0.2136677413905849,0.17390335797722598,0.3871963551544683,0.18168212690036378,0.21267143407838995,-0.914245651516259,-0.21905215999357042,-3.798870801837562,0.02656822585736629,0.08968558179131925,0.5838700071680362,0.5154907343021536,0.7161362741015018,0.8542854810041934
ronaldo20.png,0.2951586126786263,0.335843600301425,0.3853651223965077,0.04794761464549483,0.037017202659268514,0.23302076383769255,0.5503270054228785,0.7544281795903964,0.17874233872086875,1.6296573845516045,1.3580861274425926,0.5281050467260581,0.6393082025168363,0.2096640235858324,0.17313499512542718,0.3853705925981088,0.1843597026082409,0.2085086557128195,-0.8123320535806208,-0.24540479296178602,-5.22975710974839,0.04068498762279871,0.11120315579077822,0.5669415324402215,0.5108042525740952,0.7294624197649522,0.8841824486189981
yasser1.png,0.31298795178078,0.3156167774151133,0.38313030692945227,0.06010290128006455,0.05542068789345464,0.24098362507041174,0.46293640502366235,0.5625169606926431,0.11918567180096021,1.50286970526126,1.1982657507875356,0.5327362853257657,0.5617979409428115,0.22490743570778585,0.19315156231348468,0.38584911421861173,0.16734305483700937,0.25006259575627265,-0.24195863846261598,-0.04866643185691812,-1.6777596901998701,0.0026288256343333094,0.02906165561704588,0.6302442625843666,0.6811000088916306,0.8229732388044542,0.6692046350989114
yasser2.png,0.31521943940921504,0.3184172646277614,0.37828972916831705,0.06362827974945787,0.06061428806083962,0.24393484136181728,0.4624032756606824,0.5725062855867263,0.11600173521391448,1.4972125355128725,1.1831291756051763,0.5336461584202001,0.5678460181300478,0.2293379178215799,0.1933224847436508,0.3900355379436928,0.17444954662630363,0.2397647095634449,0.060531116869574464,-0.05554520372004601,-0.7524428433387357,0.003197825218546335,0.034199859709847624,0.6331692958774946,0.6607608312642913,0.807682443498055,0.7275863894568608
yasser3.png,0.3029778957200185,0.31003193331628515,0.3998326149812218,0.06418746100695522,0.06307027367014999,0.23729680136396378,0.46089690216439505,0.5366722986916042,0.12287976827692182,1.5193330427372145,1.2119508467136777,0.5292004374532089,0.5616051425417292,0.23059030208390768,0.19082942223629992,0.36832551359719073,0.1654543163363764,0.24122240431983338,0.17725109385993199,-0.06874844033985751,-0.45779864154482197,0.00705403759626666,0.032404705088520336,0.6075661123885018,0.7450218987564765,0.8588050907193311,0.6858994293830541
yasser4.png,0.31528631326408696,0.3237256856121928,0.3726703421742286,0.06392063602996156,0.06369423957520658,0.24572313986292416,0.4490046449499336,0.5448598911379147,0.1150797516259655,1.4552199436102677,1.1364192003723896,0.526860828129208,0.5461500432885829,0.23019066271631586,0.19329479581765163,0.3892010227788413,0.171934586834628,0.23882626845726462,0.2591064938296019,-0.042067096730806566,0.12369228815658288,0.008439372348105822,0.019289215159374873,0.6387552256568555,0.6839746295069066,0.8240735870871467,0.7199148600617409
yasser5.png,0.3201922215854225,0.3234283557568222,0.3681043033770516,0.06586440768659682,0.0635291868588668,0.2453999094933623,0.4535614104393367,0.5433829579748557,0.11860156831868911,1.4377909359154153,1.1155286906297488,0.5237678041759757,0.5412253916875317,0.22851681477676655,0.1934038699828448,0.3932474352245347,0.17050164603330042,0.23937182570545001,-0.021188747869929542,-0.0270921886031113,0.20395710094044525,0.0032361341713997294,0.017457587511556016,0.6410383052956403,0.677430710651925,0.8346993658574118,0.7122878325715177
yasser6.png,0.3147772921970709,0.3293559101331359,0.3678269769855907,0.0606592387528493,0.06349386491128,0.24338770203718058,0.44953965695997616,0.5387422755871837,0.1147662277278864,1.4512891536539347,1.1324837311511986,0.5243939419282867,0.5512122956107776,0.2285078106528473,0.19211388360945916,0.38808251496644747,0.1695264342599157,0.24405714794127323,0.05449940646445166,-0.05504972124740721,-0.2821177988824429,0.01457861793606502,0.02681835368249086,0.6317253441366489,0.6827512776581164,0.8344243199960795,0.6946177513904688
yasser7.png,0.3173574854377001,0.3252285357962143,0.3690813367648701,0.06320497323762908,0.06326677118234164,0.2463650536879628,0.444479062232797,0.5221350653108209,0.11375475054076702,1.4371311374844957,1.1220172907343124,0.5253573770517752,0.5446157261749307,0.22665744594430426,0.1952253372882725,0.39442205341244185,0.1720506764857771,0.24016661416411234,-0.13415436344098683,-0.032688790491267924,-0.4779129085534788,0.007871050358514209,0.019258349123155494,0.6430514448465979,0.7068694697705474,0.8512721932747493,0.7163804591274524
yasser8.png,0.31757734645922187,0.32731183959390187,0.366889980257348,0.06320965414416864,0.06277943688420921,0.24648327966592445,0.4482350147440906,0.5145717175882939,0.1135987924009872,1.438779873484381,1.1231426836714076,0.5231507255994288,0.5461608125683495,0.22648855668716997,0.19429395544626366,0.3925658109789166,0.1709594213722446,0.23999184570274512,0.19821216278421314,-0.03763479953655865,0.06718938759614816,0.00973449313468,0.023010086968920707,0.6403835542756087,0.7130006716593288,0.8710836593291376,0.7123550958495676
yasser9.png,0.31843522221949905,0.3273730532414128,0.3660775384964061,0.06037040855351214,0.06119995649066137,0.24474078859068296,0.44248772364102856,0.5105567532793642,0.11014408176736132,1.4458458176893554,1.1207540312208082,0.5274560715677591,0.5478075511554499,0.22429895019623514,0.1944368392840619,0.39046509499448917,0.17153044853217533,0.2438439716614359,-0.1907360694220673,-0.03323513848392239,-0.620053187830594,0.008937831021913756,0.02035147958769079,0.6345262981507293,0.7170163476343195,0.8666768597200595,0.7034434369199895
yasser10.png,0.32164433269462794,0.32839218600308007,0.3612032625828022,0.06183939595294757,0.0622572807130387,0.24701116192163886,0.4503615098670824,0.5284951845763315,0.11409781685978862,1.4465095147428377,1.1358813277488113,0.5273753170625919,0.5487907965494615,0.22746340819010463,0.19134791580263394,0.3940362582564896,0.16992822222164175,0.24220470647289696,-0.23124932202190415,-0.03334644125970027,-0.641215497240606,0.006747853308452123,0.021415479486869615,0.6355098076778667,0.6834561092025107,0.8521582088361221,0.7015892369736613
yasser11.png,0.3125558378385504,0.32490781292194887,0.3740499927096094,0.06186953398727625,0.06406956454796942,0.2409567976204041,0.43961433724607923,0.5227818388431053,0.11494602161607113,1.4662792593343528,1.1498920986250762,0.525321670093321,0.5451540977231176,0.22475180849339108,0.18711511459306515,0.3796929954825365,0.16679686029012383,0.24424214573091546,-0.24649125405902256,-0.035988514218219594,-1.473889911533374,0.01235197508339847,0.019832427629796645,0.6149480931820562,0.7154992100287315,0.8409135600787657,0.6829159355843795
yasser12.png,0.32544620999510165,0.3322086119974064,0.3536246556750801,0.06400421221731892,0.06323766777512227,0.24326731143797076,0.43184073186594624,0.5289656111071507,0.11066164670468745,1.4353132957572594,1.1094783069062077,0.5256744750506436,0.5435747521667994,0.23031450085836602,0.18967205874589557,0.38363318748308367,0.1686839790907543,0.23868253760239072,-0.08407616881761491,-0.014125272847490851,-0.4538618578115104,0.006762402002304768,0.017900277116155827,0.6269647736851103,0.6685210687608341,0.8163871578760719,0.7067294227634795
yasser13.png,0.3119509326614819,0.3253983282728304,0.37461714847939925,0.06124178999409279,0.0616787338869529,0.24629366270555614,0.44524637345974327,0.5249782380108781,0.11572674580604331,1.4452647700609476,1.120638393643999,0.5248077197117644,0.5490224528838299,0.22952647409427512,0.1921736418908999,0.3932244860076895,0.17023711572486952,0.23542387734814654,-0.10577521650292807,-0.03953098222839124,0.16516218992130333,0.0134473956113485,0.02421473317206546,0.6314122762085561,0.7135860524405906,0.8481234863120504,0.7231089319034208
yasser14.png,0.3245888304445027,0.33517504424389966,0.35164131820159544,0.061373596215998125,0.06291521081436313,0.24066089876691904,0.43274285082776526,0.5318745207081828,0.11220364154888117,1.4309994903258427,1.1083792061220847,0.5217232453077415,0.5486570230326951,0.23149092041152328,0.18877975884069148,0.37945911766232604,0.16939913790630187,0.24032723739451897,-0.17371373750057698,-0.03774877283560864,-0.028414843411381088,0.010586213799396949,0.026933777724953645,0.6270204593982659,0.6611358591372086,0.8136183140556814,0.7048686311802915
yasser15.png,0.31695896776189497,0.32615702101078947,0.3684602796715548,0.06352488203188816,0.06250090730676836,0.24406861034009647,0.43623158837784687,0.5159226124344903,0.10994078990484168,1.4429360113196235,1.1185935381063916,0.5227725200925795,0.5472715617195676,0.22908931159645443,0.19216832179742616,0.3885501559971019,0.17247508208611972,0.2401000563470929,0.30710779316148173,-0.042909079496713035,0.27704761727949556,0.0091980532488945,0.024499041626988127,0.6350352464091679,0.7141774188436844,0.8455368651499796,0.7183466656639182
yasser16.png,0.32775590289553785,0.336186159293046,0.3478378804602133,0.07054813550496207,0.07021517607398778,0.24026244219227785,0.43418282206404274,0.5090396680889436,0.11241620519161452,1.4233463874665908,1.1160747483040094,0.5155250283072852,0.541468459050586,0.22924683468918383,0.18959317355838765,0.3768963291471532,0.17092514592836724,0.24227411956366718,-0.04138183438050413,-0.04272097031240744,-0.6088634519862687,0.008430256397508162,0.025943430743300855,0.6311349920027802,0.683321757155154,0.8529449653581392,0.7055030854354999
yasser17.png,0.3253439625325907,0.3320257859405976,0.35446997404770697,0.07072374011038883,0.06869778114254038,0.2369757271734059,0.4422961617061558,0.5163820055557583,0.11794852932140382,1.4250465880903895,1.1099355129385753,0.5176786654947039,0.5431159416819077,0.23099975898078373,0.19036847505947868,0.37245458834878203,0.1710282421895164,0.23953527243920553,0.19544573581641256,-0.042222959435743786,-0.8580659178580599,0.006681823408006937,0.025437276187203817,0.6274163343594267,0.6864491214526486,0.8565289978107055,0.714000210941466
yasser18.png,0.3193878002812096,0.32851662076258165,0.36264939177915606,0.06318744598365232,0.06289421663368557,0.23718621687940972,0.43715205727707634,0.5061075702808565,0.11531319292459002,1.428785232430873,1.1163735980357183,0.5219051480787901,0.5474039132762589,0.2300309638482868,0.19078718435217296,0.37648898986041723,0.17059945142178465,0.24383499233426176,0.11633085147580548,-0.03434874207506477,0.1425455771868706,0.009128820481372035,0.025498765197468853,0.6219593786722737,0.7165460725630115,0.863753247228619,0.6996511976894851
yasser19.png,0.3169173661581986,0.3242781773836997,0.3696986860407579,0.06123665840513248,0.061724256414859686,0.23843309467787033,0.4426862742275551,0.5164742288899674,0.11266962184381604,1.457124032535735,1.1333885618000898,0.5287873320499482,0.5529800737608799,0.23133076099841404,0.18983258559466293,0.3761838724823712,0.17353497955873204,0.24096568886725142,0.009653550352974594,-0.04095288259033282,0.23426768583446136,0.007360811225501085,0.024192741710931664,0.6156169171332383,0.7158124556095142,0.8571313910066701,0.7201646556937255
yasser20.png,0.3231647206287761,0.32907273275888954,0.36032209569860346,0.07203253648111144,0.07063201727605288,0.23561268888411854,0.43829683622903826,0.5127299895630141,0.1144936647198132,1.4182997036320724,1.1056445024131702,0.519105655075133,0.5379398268047513,0.22872176550269802,0.19235639066417137,0.37304778108810355,0.17424078760181586,0.24318450460028673,-0.040019175023232406,-0.03517961360145016,-0.8135534216247828,0.005908012130113438,0.01883417172961832,0.6286417250705071,0.7027521366668961,0.8548297254907731,0.7164962287512793
selena1.png,0.31976486190055403,0.30268132727546454,0.39194224148738266,0.03295813682099243,0.02094015795110287,0.23501692571226318,0.5005467458569272,0.7644899572128008,0.16934504863290742,1.566789960460561,1.2722214785067485,0.5772371966647368,0.5354662128892907,0.21517953046969832,0.2046253064931108,0.40554584992041925,0.14394335815496212,0.22851798828363867,0.5609996975384164,0.11896134993899249,-2.366488470935777,0.01708353462508949,0.04177098377544608,0.6302140408694437,0.5126846177500315,0.6547460056660975,0.6298994356510085
selena2.png,0.326027007933684,0.30322882878100793,0.38472071448655965,0.0257427591675851,0.019537934871376388,0.23887978746388402,0.4969740601354067,0.7539527082663617,0.17298875945693148,1.5601975291911883,1.2544682442899486,0.5742071442983085,0.5272014176423991,0.21725280819618062,0.20904629131526348,0.41459153490279754,0.141410571024717,0.22728952623515683,0.6439293159947891,0.12378589330142044,-2.135613885482691,0.022798179152676068,0.04700572665590941,0.6421317759388288,0.5102716792027794,0.6591581337749266,0.6221604978700458
selena3.png,0.32431899840312844,0.2974429087828629,0.3922471908862541,0.025769984190850262,0.020584951495382055,0.23867970915157924,0.49880228331610343,0.7453628698364837,0.1728427660901053,1.5472839840407209,1.2491051991022941,0.5727131042258462,0.5234151450787986,0.219087508124396,0.21184519495024481,0.420289358609736,0.14361374830499016,0.22959344176161298,0.6629898030041431,0.1260957932400618,-2.199529357805659,0.026876089620265553,0.0492979591470476,0.6517772001475023,0.5262499740191037,0.6692073129770064,0.6255132592113489
selena4.png,0.328820189698162,0.3019458416899359,0.3836584760346533,0.02812224573879252,0.020565782367111995,0.23635825700110472,0.49079246999415055,0.7519094903830649,0.16671995592099653,1.5391731715990684,1.2528499512765496,0.572392378801122,0.5311305440037137,0.21198591057754154,0.20278095661374892,0.40119990759019697,0.137283591861207,0.22986306693524117,0.6136421929230452,0.12386519258037375,-2.658739157342705,0.026874348008226134,0.0412618347974083,0.6141485604553292,0.510245556069782,0.652728122561817,0.5972407299667516
selena5.png,0.3219490539195669,0.2965204809287247,0.3946540237332808,0.01918174084561735,0.016750582112734357,0.23742954029544952,0.46943261343773474,0.7265207302319063,0.16930581318158686,1.509823953423183,1.2167028674861113,0.5563427832172256,0.5195476666637657,0.21658481209577785,0.20987773935512996,0.4152006765221912,0.14311595089197904,0.22802500950625257,0.7048198988217289,0.12597429802929141,-2.3375934919987817,0.025428572990842224,0.036795116553459906,0.645002723616506,0.5432109605562208,0.6461379474855332,0.627632665932322
selena7.png,0.3124004856512789,0.29354847197680467,0.4070799420223364,0.02455435249957593,0.02226976238638701,0.21849918956325173,0.46862833229960377,0.7108447769863053,0.13764571509537515,1.516073771360631,1.2242533786613108,0.5595694321237235,0.5256090867053766,0.1931162225847931,0.17796398648122694,0.3370563160352671,0.13046560736228288,0.21399752562063823,14.946475641731825,0.029622508858375987,12.403203491499648,0.018852013674474255,0.033960345418346805,0.45771067542193644,0.57267065216149,0.6592555048183636,0.6096593915621736
selena8.png,0.30253794018100716,0.3062532662286326,0.40076250493066257,0.040597118775753956,0.03384611525533062,0.23498255430992968,0.4810721929334904,0.6360890277445745,0.11380658349975614,1.4212315378809681,1.2003456724092885,0.5257361403638231,0.5166433944999017,0.23139579432244917,0.21389388261747525,0.41803001970736847,0.16974268765628495,0.26210642025381875,-0.7160625342259159,-0.0205985268434448,1.5661288048816924,0.0037153260476254224,0.009092745863921392,0.7000431317786946,0.6300415310600063,0.7562969520780162,0.6476097800878423
selena9.png,0.3060606930507574,0.2962338719897056,0.4076204967699355,0.04449924214558101,0.04400021497801368,0.23421155988960876,0.5004018398214706,0.6446845750824138,0.12049708974582217,1.4603990170361827,1.2388120073533175,0.5284601256595012,0.5117585691910392,0.23479025711700063,0.20730297611833898,0.4186555079688179,0.16211448936906828,0.25890849869563487,0.3304721156573421,0.016306527014570707,1.132089550181007,0.009826821061051816,0.016701556468461942,0.6867922209990796,0.632278966373326,0.7761963899283634,0.6261458543243368
selena10.png,0.3064000452860184,0.2977412393965065,0.41036956854692747,0.04957096038042213,0.05545955765097075,0.21736717768491473,0.41722688070327923,0.550767006573903,0.15008360557434894,1.4883899374297036,1.1887702340485304,0.5704442479248232,0.5362253938276464,0.23833722108927677,0.20300016020199374,0.3949433756940473,0.17292939304620888,0.25012512776701623,0.5372453677890163,0.04547749480211025,-1.3171841284194805,0.0086588058895119,0.03421885409717673,0.6634403667802158,0.7450874210851323,0.7575378984639577,0.6913715054393582
selena11.png,0.3248878144580623,0.30673137326418637,0.38305290028423133,0.06396433304031662,0.060575772382827825,0.21467689718811572,0.4228773127061735,0.5843582675305783,0.17591472268708844,1.4961891974386596,1.1976229752034826,0.5883062928940131,0.5510615877761491,0.23240860914529984,0.18373563729921663,0.37372112748376035,0.17430969715851125,0.22516344239015182,-0.25263096328190077,0.06550916825676525,-0.48968632298389764,0.01815644119387594,0.03724470511786404,0.6133587857901132,0.6555103633648632,0.723661041869396,0.7741473818605172
selena12.png,0.31024542960307494,0.29696618410593667,0.40604962347701595,0.032234442411274065,0.025982546379299087,0.24093828882324403,0.5075384556508181,0.7511270754902075,0.18500814297593077,1.576466907962421,1.322111212544402,0.5766592589572371,0.5247318435751546,0.19290014884470247,0.2207240579657662,0.38441944624603047,0.15136931976432957,0.17000967402837652,-0.9391393860953794,0.11816153363103629,-3.4067766982024272,0.01327924549713827,0.051927415382082565,0.5909157847462153,0.540587121309688,0.6757025172066706,0.8903570442438111
selena13.png,0.3241774025425086,0.29816542748704034,0.3919081443961759,0.02910597677318547,0.020596432351927926,0.23297683611652426,0.5026505294915266,0.7456782416752552,0.169929826321583,1.5398654698778722,1.2583408951731552,0.5757025842593866,0.5242412062031147,0.21176526880175975,0.2053306166489425,0.40065306380472865,0.14151288161288664,0.2306701894022059,0.14252080404763373,0.1327523100185816,-2.9774615031867593,0.02601197505546826,0.051461378056271934,0.6186198584456966,0.5255727235861241,0.674085016028176,0.6134857557656984
selena14.png,0.3271916516236288,0.3039217774714316,0.3828070134913961,0.02816120467065848,0.019420324388450767,0.23512528891825188,0.4668737198146351,0.7016553159049876,0.16908901792579112,1.4710036363365497,1.2009704419388822,0.5581285753794148,0.5100838998609111,0.21219569819796713,0.21031995361998104,0.4173495540505457,0.1386165212699386,0.21868184659583975,0.6063483611740438,0.15163151476558567,-2.5434343728427278,0.023269874152197167,0.04804467551850378,0.6468746522582846,0.5455770159706631,0.665388986916555,0.6338729852935393
selena15.png,0.2985864475819577,0.31649199336998607,0.3957694295515618,0.05931445040083403,0.059645703056727076,0.2570997383963938,0.44217995928602793,0.5516819438991766,0.12318967213914842,1.3509425800476762,1.1272327488407208,0.4861536326437597,0.5113381531018933,0.24316778074427212,0.20999165153249866,0.4937554461438991,0.168972216829156,0.2619382170925959,-0.7328112936845861,-0.03374332963662152,-2.8488801409350235,0.017905545788028387,0.02518452045813363,0.8492615859522179,0.7173869544367238,0.8015124732210542,0.6450842196829248
selena16.png,0.30128915779802884,0.2787844775172651,0.43184301654025387,0.059814164310641675,0.05183366022759957,0.23850615921234247,0.40933574134181977,0.4952571123014583,0.15114557762151576,1.4637192937577395,1.1421024525777252,0.5283561512808559,0.515060993676932,0.2343920964760857,0.17141396530824823,0.39649708593044614,0.1449555095759483,0.22595101629925726,1.6940723542854184,0.06545090619758778,1.567667300993406,0.022504680280763745,0.013295157603923857,0.6266199428161517,0.8719572234580957,0.8265115859510584,0.6415350793050361
selena17.png,0.3072099010708379,0.2998402232496369,0.40520950898469404,0.06652797073621158,0.0633292840230642,0.2450135376002956,0.4180164586942424,0.5233969337466409,0.14982442920547892,1.5248945132289413,1.2080116391817493,0.5511766413880372,0.528584788815867,0.23086104456624942,0.183536824946682,0.412510439933411,0.14631727379646947,0.23189375722372058,0.5088532394781442,0.04473533293452817,-0.7620802688401167,0.007369677821201015,0.022591852572170223,0.6605171441453812,0.7741915988771202,0.7986605036104212,0.6309668239392964
selena18.png,0.3003703500616884,0.3073339056822371,0.4034330198776154,0.044016073902142926,0.026120905466321714,0.24283165713864285,0.4006506908943662,0.48877574502784565,0.16231327902299036,1.4663666763908436,1.169872926274456,0.5331920614318287,0.5123428583115893,0.2368140702991095,0.1916829673902675,0.4182614606970116,0.15092801484638246,0.22080424315584177,-0.5587358846718874,0.03489425081871134,-0.6694730045597235,0.006963555620548734,0.020849203120239412,0.6933523060628547,0.8253949259585942,0.8197024810867836,0.6835376252460986
selena19.png,0.30465460949721335,0.30921097288644417,0.39971359822530533,0.06481914141430535,0.061918758029818124,0.22065189140840263,0.4268994650713948,0.4561313640598437,0.125180376616385,1.475650580434125,1.1590196790692935,0.5429635245926923,0.5286867978360249,0.24565427342045965,0.19069472667959889,0.38702034300780663,0.172364948832224,0.24183246836020317,-0.07242622243700925,0.007021940061010769,-0.5023004575286345,0.004556363389230822,0.014276726756667357,0.6691554677699072,0.8763124611024633,0.9359134203614778,0.7127452441499231
selena20.png,0.31852278258995625,0.29585230248654903,0.39697093551715223,0.01884659124471295,0.018245912476108662,0.2359523128649459,0.4552110913501261,0.6304276965727367,0.18473627322956912,1.4158924239483963,1.131743276022513,0.5332747288063344,0.4850570920294105,0.21501619063606459,0.22985572789586467,0.38924534953915185,0.14350663122857282,0.1728110918653829,0.29126148011538805,0.09127709796956789,-0.8003545214030884,0.02267048010340722,0.04821763677692392,0.6318056695482356,0.6296851132576328,0.7220670884620713,0.8304248377535501
